user_input,retrieved_contexts,response,reference,context_precision,faithfulness,answer_relevancy,context_recall,retrieval
¿Qué se entiende por cerveza?,"['CAPÍTULO XIII\nBEBIDAS FERMENTADAS\nCERVEZAS\nArtículo 1080 - (Resolución Conjunta SPRyRS N° 63/02 y SAGPyA N° 345/02)\n1. DESCRIPCIÓN\n1.1 DEFINICIONES\n1.1.1 Cerveza\nSe entiende exclusivamente por cerveza la bebida resultante de fermentar, mediante\nlevadura cervecera, al mosto de cebada malteada o de extracto de malta, sometido\npreviamente a un proceso de cocción, adicionado de lúpulo. Una parte de la cebada\nmalteada o de extracto de malta podrá ser reemplazada por adjuntos cerveceros.\nLa cerveza negra podrá ser azucarada.\nLa cerveza podrá ser adicionada de colorantes, saborizantes y aromatizantes.\n1.1.2 Malta Líquida\nSe entiende por malta líquida la bebida no alcohólica, resultante del mosto de cebada', '1.2.4.1 Cerveza\nEs la cerveza elaborada a partir de un mosto cuyo extracto primitivo contiene un\nmínimo de 55% en peso de cebada malteada.\n1.2.4.2 Cerveza 100% malta o de pura malta\nEs la cerveza elaborada a partir de un mosto cuyo extracto primitivo proviene\nexclusivamente de cebada malteada.\n1.2.4.3 Cerveza de ... (seguida del nombre del o de los cereales mayoritarios).\nEs la cerveza elaborada a partir de un mosto cuyo extracto primitivo proviene\nmayoritariamente de adjuntos cerveceros. Podrá tener hasta un 80% en peso de la\ntotalidad de los adjuntos cerveceros referido a su extracto primitivo (no menos del\n20% en peso de malta). Cuando dos o más cereales aporten igual cantidad de extracto\nprimitivo deben citarse todos ellos.', 'igual a 14,0% en peso.\n1.2.1.4 Cerveza Fuerte\nEs la cerveza cuyo extracto primitivo es mayor a 14.0% en peso.\n1.2.2 Respecto al grado alcohólico\n1.2.2.1 Cerveza sin alcohol\nSe entiende por cerveza sin alcohol a la cerveza cuyo contenido alcohólico es inferior o\nigual a 0,5% en volumen (0,5% vol.).\n1.2.2.2 Cerveza con alcohol o Cerveza\nEs la cerveza cuyo contenido alcohólico es superior a 0,5% en volumen (0,5% vol.)\n1.2.3 Respecto al color\n1.2.3.1 Cerveza clara, blanca, rubia o Cerveza\nEs la cerveza cuyo color es inferior a 20 unidades E.B.C. (European Brewery\nConvention).\n1.2.3.2 Cerveza oscura o Cerveza negra\nEs la cerveza cuyo color es igual o superior a 20 unidades E.B.C. (European Brewery\nConvention).\n1.2.4 Respecto a la proporción de materias primas.', '1.3 Designación (denominación de venta)\n1.3.1. Cerveza\nSe designa con el nombre de cerveza a la bebida definida en el numeral 1.1.1. y que\ncumple con las características establecidas en los numerales 1.2.1.2., 1.2.2.2., 1.2.3.1\ny 1.2.4.1.\n1.3.2. Cerveza liviana y Cerveza Light.\nSe designa con el nombre de cerveza light a la cerveza que cumple con las\ncaracterísticas establecidas en el numeral 1.2.1.1.\n1.3.3. Cerveza extra\nPara designar una cerveza como cerveza extra la misma deberá cumplir con las\ncaracterísticas establecidas en el numeral 1.2.1.3.\n1.3.4. Cerveza fuerte.\nPara designar una cerveza como cerveza fuerte, la misma deberá cumplir con las\ncaracterísticas establecidas en el numeral 1.2.1.4.\n1.3.5. Cerveza sin alcohol.']","Respuesta: La cerveza se entiende exclusivamente como la bebida resultante de fermentar, mediante levadura cervecera, al mosto de cebada malteada o de extracto de malta, sometido previamente a un proceso de cocción, adicionado de lúpulo. Puede ser azucarada, adicionada de colorantes, saborizantes y aromatizantes. Además, existen diferentes tipos de cerveza según su composición, como la cerveza 100% malta, la cerveza de pura malta, la cerveza fuerte, la cerveza sin alcohol, entre otras, cada una con características específicas definidas en la normativa correspondiente.","Se entiende exclusivamente por cerveza la bebida resultante de fermentar, mediante
levadura cervecera, al mosto de cebada malteada o de extracto de malta, sometido
previamente a un proceso de cocción, adicionado de lúpulo. Una parte de la cebada
malteada o de extracto de malta podrá ser reemplazada por adjuntos cerveceros.
La cerveza negra podrá ser azucarada.
La cerveza podrá ser adicionada de colorantes, saborizantes y aromatizantes.",0.999999999975,1.0,0.8614227784300611,1.0,Basic
¿Qué se entiende por cerveza?,"['Se entiende exclusivamente por cerveza la bebida resultante de fermentar, mediante levadura cervecera, al mosto de cebada malteada o de extracto de malta, sometido previamente a un proceso de cocción, adicionado de lúpulo. Una parte de la cebada malteada o de extracto de malta podrá ser reemplazada por adjuntos cerveceros. La cerveza negra podrá ser azucarada. La cerveza podrá ser adicionada de colorantes, saborizantes y aromatizantes.', '""Es la cerveza elaborada a partir de un mosto cuyo extracto primitivo contiene un mínimo de 55% en peso de cebada malteada.""', '""Se entiende por cerveza sin alcohol a la cerveza cuyo contenido alcohólico es inferior o igual a 0,5% en volumen (0,5% vol.)."" y ""Cerveza con alcohol o Cerveza es la cerveza cuyo contenido alcohólico es superior a 0,5% en volumen (0,5% vol.).""', '""Se designa con el nombre de cerveza a la bebida definida en el numeral 1.1.1. y que cumple con las características establecidas en los numerales 1.2.1.2., 1.2.2.2., 1.2.3.1 y 1.2.4.1.""']","Respuesta: Se entiende por cerveza exclusivamente la bebida resultante de fermentar, mediante levadura cervecera, al mosto de cebada malteada o de extracto de malta, sometido previamente a un proceso de cocción, adicionado de lúpulo. Una parte de la cebada malteada o de extracto de malta podrá ser reemplazada por adjuntos cerveceros. La cerveza negra podrá ser azucarada. La cerveza podrá ser adicionada de colorantes, saborizantes y aromatizantes.","Se entiende exclusivamente por cerveza la bebida resultante de fermentar, mediante
levadura cervecera, al mosto de cebada malteada o de extracto de malta, sometido
previamente a un proceso de cocción, adicionado de lúpulo. Una parte de la cebada
malteada o de extracto de malta podrá ser reemplazada por adjuntos cerveceros.
La cerveza negra podrá ser azucarada.
La cerveza podrá ser adicionada de colorantes, saborizantes y aromatizantes.",0.9999999999,1.0,0.8886169075909524,1.0,Advanced
¿Cómo se clasifican las cervezas?,"['1.3 Designación (denominación de venta)\n1.3.1. Cerveza\nSe designa con el nombre de cerveza a la bebida definida en el numeral 1.1.1. y que\ncumple con las características establecidas en los numerales 1.2.1.2., 1.2.2.2., 1.2.3.1\ny 1.2.4.1.\n1.3.2. Cerveza liviana y Cerveza Light.\nSe designa con el nombre de cerveza light a la cerveza que cumple con las\ncaracterísticas establecidas en el numeral 1.2.1.1.\n1.3.3. Cerveza extra\nPara designar una cerveza como cerveza extra la misma deberá cumplir con las\ncaracterísticas establecidas en el numeral 1.2.1.3.\n1.3.4. Cerveza fuerte.\nPara designar una cerveza como cerveza fuerte, la misma deberá cumplir con las\ncaracterísticas establecidas en el numeral 1.2.1.4.\n1.3.5. Cerveza sin alcohol.', 'igual a 14,0% en peso.\n1.2.1.4 Cerveza Fuerte\nEs la cerveza cuyo extracto primitivo es mayor a 14.0% en peso.\n1.2.2 Respecto al grado alcohólico\n1.2.2.1 Cerveza sin alcohol\nSe entiende por cerveza sin alcohol a la cerveza cuyo contenido alcohólico es inferior o\nigual a 0,5% en volumen (0,5% vol.).\n1.2.2.2 Cerveza con alcohol o Cerveza\nEs la cerveza cuyo contenido alcohólico es superior a 0,5% en volumen (0,5% vol.)\n1.2.3 Respecto al color\n1.2.3.1 Cerveza clara, blanca, rubia o Cerveza\nEs la cerveza cuyo color es inferior a 20 unidades E.B.C. (European Brewery\nConvention).\n1.2.3.2 Cerveza oscura o Cerveza negra\nEs la cerveza cuyo color es igual o superior a 20 unidades E.B.C. (European Brewery\nConvention).\n1.2.4 Respecto a la proporción de materias primas.', 'típica de la cerveza definida en el numeral 1.2.3.1 no requerirá su declaración en el\nrótulo.\n8.2.3 Se podrá emplear en el rotulado, denominaciones de fantasía acompañando a las\ndenominaciones de venta descriptas en el numeral 1.3.\n8.2.4 La denominación de venta correspondiente a las diferentes clasificaciones de\ncervezas debe tener el mismo realce y tamaño de letra\n9 MÉTODOS DE ANÁLISIS\nLos métodos de análisis de rutina para la determinación de extracto primitivo, grado\nalcohólico y color que se utilizan son los de las normas ASBC y para análisis de\nreferencia se aplican los métodos analíticos EBC.\n10 MÉTODOS DE MUESTREO\nDe acuerdo a lo establecido en el presente Código""\nArtículo 1081 - (Resolución Conjunta RESFC-2018-16-APN-SRYGS#MSYDS\nNº16/2018)', 'ASBC: Americán Society of Brewing Chemists ACBC ASBC: American Society of\nBrewing Chemists.\nEBC: European Brewery Convention.\n3. COMPOSICIÓN Y CARACTERÍSTICAS\n3.1. Composición\n1.1 Ingredientes obligatorios de la cerveza\n3.1.1.1 Agua\nEl agua empleada en la elaboración de cerveza debe ser apta para el consumo\nhumano.\n3.1.1.2 Cebada malteada\nSegún definición del numeral 2.1.3\n3.1.1.3 Lúpulo\nSon los conos de la inflorescencia del Humulus lupulus, bajo su forma natural o\nindustrializada, aptos para el consumo humano.\n3.1.1.4 Levadura de cerveza\nSon microorganismos cuya función es fermentar el mosto.\n3.1.2 Ingredientes opcionales de la cerveza\n3.1.2.1 Extracto de malta\nSegún definición del numeral 1.1.4.\n3.1.2.2. Adjuntos cerveceros', '1.2.4.1 Cerveza\nEs la cerveza elaborada a partir de un mosto cuyo extracto primitivo contiene un\nmínimo de 55% en peso de cebada malteada.\n1.2.4.2 Cerveza 100% malta o de pura malta\nEs la cerveza elaborada a partir de un mosto cuyo extracto primitivo proviene\nexclusivamente de cebada malteada.\n1.2.4.3 Cerveza de ... (seguida del nombre del o de los cereales mayoritarios).\nEs la cerveza elaborada a partir de un mosto cuyo extracto primitivo proviene\nmayoritariamente de adjuntos cerveceros. Podrá tener hasta un 80% en peso de la\ntotalidad de los adjuntos cerveceros referido a su extracto primitivo (no menos del\n20% en peso de malta). Cuando dos o más cereales aporten igual cantidad de extracto\nprimitivo deben citarse todos ellos.', 'Se designa con el nombre de cerveza sin alcohol, a la cerveza que cumple con las\ncaracterísticas establecidas en el numeral 1.2.2.1.\n1.3.6. Cerveza oscura o Cerveza negra.\nSe designa con el nombre de cerveza oscura o cerveza negra a la cerveza que cumple\ncon las características establecidas en el numeral 1.2.3.2.\n1.3.7. Cerveza 100% malta o de pura malta.\nSe podrá designar con el nombre de cerveza 100% malta o de pura malta a la cerveza\nque cumple con las características establecidas en el numeral 1.2.4.2.\n1.3.8. Cerveza de ... (seguido del nombre del adjunto cervecero mayoritario).\nSe designa con el nombre de cerveza de ... (seguido del nombre del adjunto\nmayoritario) a la cerveza que cumple con las características establecidas en el numeral\n1.2.4.3.', 'Las Fábricas de cervezas, también llamadas cervecerías, además de responder a las normas de\ncarácter general, deben satisfacer las siguientes:\n1. Los recipientes, cubas de braceado y cocción, cubas de fermentación, envases, etc,\ndeben ser construidos o revestidos de materiales inalterables a la acción directa del producto.\n2. Las cámaras o sótanos donde se realice la fermentación estarán aislados del medio\nexterior y serán provistos de instalaciones de ventilación y refrigeración.\nSus pisos y paredes serán de material impermeable.\nLos locales en que se realice la fermentación principal poseerán dispositivos de filtración de\naire, u otros que los reemplacen.\nArtículo 125']","Las cervezas se clasifican de la siguiente manera:

1. Cerveza light: aquella que cumple con las características establecidas en el numeral 1.2.1.1.
2. Cerveza extra: aquella que cumple con las características establecidas en el numeral 1.2.1.3.
3. Cerveza fuerte: aquella cuyo extracto primitivo es mayor a 14.0% en peso, según el numeral 1.2.1.4.
4. Cerveza sin alcohol: aquella cuyo contenido alcohólico es inferior o igual a 0,5% en volumen, según el numeral 1.2.2.1.
5. Cerveza clara, blanca, rubia: aquella cuyo color es inferior a 20 unidades E.B.C., según el numeral 1.2.3.1.
6. Cerveza oscura o negra: aquella cuyo color es igual o superior a 20 unidades E.B.C., según el numeral 1.2.3.2.
7. Cerveza 100% malta o de pura malta: aquella que cumple con las características establecidas en el numeral 1.2.4.2.
8. Cerveza de ... (seguido del nombre del adjunto cervecero mayoritario): aquella que cumple con las características establecidas en el numeral 1.2.4.3.","El contenido de nutrientes y/o del valor energético con relación
a una cerveza similar del mismo fabricante (misma marca) o del valor medio del
contenido de tres cervezas similares conocidas, que sean producidas en la región.
b. Valor energético de la cerveza lista para el consumo: máximo de 35Kcal/100 ml.
1.2.1.2 Cerveza
Es la cerveza cuyo extracto primitivo es mayor o igual a 10,5% en peso, y es menor de
12,0% en peso.
1.2.1.3. Cerveza Extra
Es la cerveza cuyo extracto primitivo es mayor o igual a 12,0% en peso y menor o
igual a 14,0% en peso.
1.2.1.4 Cerveza Fuerte
Es la cerveza cuyo extracto primitivo es mayor a 14.0% en peso.
1.2.2 Respecto al grado alcohólico
1.2.2.1 Cerveza sin alcohol
Se entiende por cerveza sin alcohol a la cerveza cuyo contenido alcohólico es inferior o
igual a 0,5% en volumen (0,5% vol.).
1.2.2.2 Cerveza con alcohol o Cerveza
Es la cerveza cuyo contenido alcohólico es superior a 0,5% en volumen (0,5% vol.)
1.2.3 Respecto al color
1.2.3.1 Cerveza clara, blanca, rubia o Cerveza
Es la cerveza cuyo color es inferior a 20 unidades E.B.C. (European Brewery
Convention).
1.2.3.2 Cerveza oscura o Cerveza negra
Es la cerveza cuyo color es igual o superior a 20 unidades E.B.C. (European Brewery
Convention).
1.2.4 Respecto a la proporción de materias primas.
1.2.4.1 Cerveza
Es la cerveza elaborada a partir de un mosto cuyo extracto primitivo contiene un
mínimo de 55% en peso de cebada malteada.
1.2.4.2 Cerveza 100% malta o de pura malta
Es la cerveza elaborada a partir de un mosto cuyo extracto primitivo proviene
exclusivamente de cebada malteada.
1.2.4.3 Cerveza de ... (seguida del nombre del o de los cereales mayoritarios).
Es la cerveza elaborada a partir de un mosto cuyo extracto primitivo proviene
mayoritariamente de adjuntos cerveceros. Podrá tener hasta un 80% en peso de la
totalidad de los adjuntos cerveceros referido a su extracto primitivo (no menos del
20% en peso de malta). Cuando dos o más cereales aporten igual cantidad de extracto
primitivo deben citarse todos ellos.
1.2.5 Respecto a otros ingredientes
1.2.5.1 Cerveza coloreada
Es la cerveza a la que se le ha adicionado colorante/ s aprobado/s en MERCOSUR,
(exceptuando cuando se usa colorante caramelo para estandarizar la coloración,
natural propia de la cerveza) para modificar las coloraciones propias naturales de la
cerveza. Esta clasificación debe tener el mismo realce que las clasificaciones definidas
en los numerales 1.2.1, 1.2.2 y 1.2.4 Ejemplo: CERVEZA DE ARROZ LIVIANA
COLOREADA.
Las siguientes clasificaciones deben tener el mismo realce que las clasificaciones
definidas en los numerales 1.2.1, 1.2.2, 1.2.3, 1.2.4 y 1.2.5.1.
1.2.5.2 Cerveza con ... (seguido del nombre del vegetal) Es la cerveza a la que se le
ha adicionado jugo y/o extracto de origen vegetal (referido a la concentración de jugo)
hasta un máximo de 10% en volumen.
Ejemplo: cerveza de arroz LIVIANA con limón.
1.2.5.3. Cerveza sabor de ... (seguido del nombre del vegetal) o cerveza con aroma de
(seguido del nombre del vegetal).
Es la cerveza a la que se le ha adicionado aroma/ s aprobado/s en MERCOSUR.
Ejemplo: CERVEZA DE ARROZ LIVIANA CON AROMA DE LIMON.
1.2.5.4 Cerveza oscura o negra azucarada o Malzbier.
Es la cerveza oscura negra a la que se le ha adicionado azúcares de origen vegetal
hasta, un máximo de 50% con relación al extracto primitivo (incluyendo los azúcares
de origen vegetal empleados corno adjuntos cerveceros), para conferirle sabor dulce.",0.9999999999857143,1.0,0.9104314333001838,0.75,Basic
¿Cómo se clasifican las cervezas?,"['Las cervezas se clasifican de la siguiente manera:\n\n- Cerveza: Se designa con el nombre de cerveza a la bebida definida en el numeral 1.1.1. y que cumple con las características establecidas en los numerales 1.2.1.2., 1.2.2.2., 1.2.3.1 y 1.2.4.1.\n- Cerveza liviana y Cerveza Light: Se designa con el nombre de cerveza light a la cerveza que cumple con las características establecidas en el numeral 1.2.1.1.\n- Cerveza extra: Para designar una cerveza como cerveza extra la misma deberá cumplir con las características establecidas en el numeral 1.2.1.3.\n- Cerveza fuerte: Para designar una cerveza como cerveza fuerte, la misma deberá cumplir con las características establecidas en el numeral 1.2.1.4.\n- Cerveza sin alcohol.', 'Las cervezas se clasifican de la siguiente manera:\n\n1. Respecto al extracto primitivo:\n   - **Cerveza Fuerte**: Es la cerveza cuyo extracto primitivo es mayor a 14.0% en peso.\n\n2. Respecto al grado alcohólico:\n   - **Cerveza sin alcohol**: Se entiende por cerveza sin alcohol a la cerveza cuyo contenido alcohólico es inferior o igual a 0,5% en volumen (0,5% vol.).\n   - **Cerveza con alcohol o Cerveza**: Es la cerveza cuyo contenido alcohólico es superior a 0,5% en volumen (0,5% vol.).\n\n3. Respecto al color:\n   - **Cerveza clara, blanca, rubia o Cerveza**: Es la cerveza cuyo color es inferior a 20 unidades E.B.C. (European Brewery Convention).\n   - **Cerveza oscura o Cerveza negra**: Es la cerveza cuyo color es igual o superior a 20 unidades E.B.C. (European Brewery Convention).', 'Las cervezas se clasifican de la siguiente manera:\n\n1. **Cerveza**: ""Es la cerveza elaborada a partir de un mosto cuyo extracto primitivo contiene un mínimo de 55% en peso de cebada malteada.""\n\n2. **Cerveza 100% malta o de pura malta**: ""Es la cerveza elaborada a partir de un mosto cuyo extracto primitivo proviene exclusivamente de cebada malteada.""\n\n3. **Cerveza de ... (seguida del nombre del o de los cereales mayoritarios)**: ""Es la cerveza elaborada a partir de un mosto cuyo extracto primitivo proviene mayoritariamente de adjuntos cerveceros. Podrá tener hasta un 80% en peso de la totalidad de los adjuntos cerveceros referido a su extracto primitivo (no menos del 20% en peso de malta). Cuando dos o más cereales aporten igual cantidad de extracto primitivo deben citarse todos ellos.""', 'Las cervezas se clasifican de la siguiente manera:\n\n- Cerveza sin alcohol: ""Se designa con el nombre de cerveza sin alcohol, a la cerveza que cumple con las características establecidas en el numeral 1.2.2.1.""\n- Cerveza oscura o Cerveza negra: ""Se designa con el nombre de cerveza oscura o cerveza negra a la cerveza que cumple con las características establecidas en el numeral 1.2.3.2.""\n- Cerveza 100% malta o de pura malta: ""Se podrá designar con el nombre de cerveza 100% malta o de pura malta a la cerveza que cumple con las características establecidas en el numeral 1.2.4.2.""\n- Cerveza de ... (seguido del nombre del adjunto cervecero mayoritario): ""Se designa con el nombre de cerveza de ... (seguido del nombre del adjunto mayoritario) a la cerveza que cumple con las características establecidas en el numeral 1.2.4.3.""', 'Las cervezas se clasifican de la siguiente manera:\n\n1. **Cerveza**: Es la cerveza cuyo extracto primitivo es mayor o igual a 5% en peso y menor que 10,5% en peso.\n\n2. **Cerveza**: Es la cerveza cuyo extracto primitivo es mayor o igual a 10,5% en peso, y es menor de 12,0% en peso.\n\n3. **Cerveza Extra**: Es la cerveza cuyo extracto primitivo es mayor o igual a 12,0% en peso.', 'Las cervezas se clasifican de la siguiente manera:\n\n- Cerveza con sabor o aroma: ""Se designa con el nombre de cerveza ... sabor de ... o cerveza ... con aroma de... a la cerveza que cumple con las características establecidas en el numeral 1.2.5.3.""\n\n- Cerveza oscura o negra azucarada o Malzbier: ""Se designa con el nombre de cerveza oscura o negra azucarada o Malzbier a la cerveza que cumple con las características establecidas en el numeral 1.2.5.4.""', '1.2 Clasificación de Cervezas  \n1.2.1 Respecto al extracto primitivo  \n1.2.1.1 Cerveza liviana']","Las cervezas se clasifican de la siguiente manera:

1. Respecto al extracto primitivo:
   - Cerveza Fuerte: Es la cerveza cuyo extracto primitivo es mayor a 14.0% en peso.
   - Cerveza: Es la cerveza cuyo extracto primitivo es mayor o igual a 5% en peso y menor que 10,5% en peso.
   - Cerveza: Es la cerveza cuyo extracto primitivo es mayor o igual a 10,5% en peso, y es menor de 12,0% en peso.
   - Cerveza Extra: Es la cerveza cuyo extracto primitivo es mayor o igual a 12,0% en peso.

2. Respecto al grado alcohólico:
   - Cerveza sin alcohol: Se entiende por cerveza sin alcohol a la cerveza cuyo contenido alcohólico es inferior o igual a 0,5% en volumen (0,5% vol.).
   - Cerveza con alcohol o Cerveza: Es la cerveza cuyo contenido alcohólico es superior a 0,5% en volumen (0,5% vol.).

3. Respecto al color:
   - Cerveza clara, blanca, rubia o Cerveza: Es la cerveza cuyo color es inferior a 20 unidades E.B.C. (European Brewery Convention).
   - Cerveza oscura o Cerveza negra: Es la cerveza cuyo color es igual o superior a 20 unidades E.B.C. (European Brewery Convention).","El contenido de nutrientes y/o del valor energético con relación
a una cerveza similar del mismo fabricante (misma marca) o del valor medio del
contenido de tres cervezas similares conocidas, que sean producidas en la región.
b. Valor energético de la cerveza lista para el consumo: máximo de 35Kcal/100 ml.
1.2.1.2 Cerveza
Es la cerveza cuyo extracto primitivo es mayor o igual a 10,5% en peso, y es menor de
12,0% en peso.
1.2.1.3. Cerveza Extra
Es la cerveza cuyo extracto primitivo es mayor o igual a 12,0% en peso y menor o
igual a 14,0% en peso.
1.2.1.4 Cerveza Fuerte
Es la cerveza cuyo extracto primitivo es mayor a 14.0% en peso.
1.2.2 Respecto al grado alcohólico
1.2.2.1 Cerveza sin alcohol
Se entiende por cerveza sin alcohol a la cerveza cuyo contenido alcohólico es inferior o
igual a 0,5% en volumen (0,5% vol.).
1.2.2.2 Cerveza con alcohol o Cerveza
Es la cerveza cuyo contenido alcohólico es superior a 0,5% en volumen (0,5% vol.)
1.2.3 Respecto al color
1.2.3.1 Cerveza clara, blanca, rubia o Cerveza
Es la cerveza cuyo color es inferior a 20 unidades E.B.C. (European Brewery
Convention).
1.2.3.2 Cerveza oscura o Cerveza negra
Es la cerveza cuyo color es igual o superior a 20 unidades E.B.C. (European Brewery
Convention).
1.2.4 Respecto a la proporción de materias primas.
1.2.4.1 Cerveza
Es la cerveza elaborada a partir de un mosto cuyo extracto primitivo contiene un
mínimo de 55% en peso de cebada malteada.
1.2.4.2 Cerveza 100% malta o de pura malta
Es la cerveza elaborada a partir de un mosto cuyo extracto primitivo proviene
exclusivamente de cebada malteada.
1.2.4.3 Cerveza de ... (seguida del nombre del o de los cereales mayoritarios).
Es la cerveza elaborada a partir de un mosto cuyo extracto primitivo proviene
mayoritariamente de adjuntos cerveceros. Podrá tener hasta un 80% en peso de la
totalidad de los adjuntos cerveceros referido a su extracto primitivo (no menos del
20% en peso de malta). Cuando dos o más cereales aporten igual cantidad de extracto
primitivo deben citarse todos ellos.
1.2.5 Respecto a otros ingredientes
1.2.5.1 Cerveza coloreada
Es la cerveza a la que se le ha adicionado colorante/ s aprobado/s en MERCOSUR,
(exceptuando cuando se usa colorante caramelo para estandarizar la coloración,
natural propia de la cerveza) para modificar las coloraciones propias naturales de la
cerveza. Esta clasificación debe tener el mismo realce que las clasificaciones definidas
en los numerales 1.2.1, 1.2.2 y 1.2.4 Ejemplo: CERVEZA DE ARROZ LIVIANA
COLOREADA.
Las siguientes clasificaciones deben tener el mismo realce que las clasificaciones
definidas en los numerales 1.2.1, 1.2.2, 1.2.3, 1.2.4 y 1.2.5.1.
1.2.5.2 Cerveza con ... (seguido del nombre del vegetal) Es la cerveza a la que se le
ha adicionado jugo y/o extracto de origen vegetal (referido a la concentración de jugo)
hasta un máximo de 10% en volumen.
Ejemplo: cerveza de arroz LIVIANA con limón.
1.2.5.3. Cerveza sabor de ... (seguido del nombre del vegetal) o cerveza con aroma de
(seguido del nombre del vegetal).
Es la cerveza a la que se le ha adicionado aroma/ s aprobado/s en MERCOSUR.
Ejemplo: CERVEZA DE ARROZ LIVIANA CON AROMA DE LIMON.
1.2.5.4 Cerveza oscura o negra azucarada o Malzbier.
Es la cerveza oscura negra a la que se le ha adicionado azúcares de origen vegetal
hasta, un máximo de 50% con relación al extracto primitivo (incluyendo los azúcares
de origen vegetal empleados corno adjuntos cerveceros), para conferirle sabor dulce.",0.9484126983968915,0.8333333333333334,0.9104314333001838,0.6,Advanced
¿Qué se define como sidra?,"['“Se entiende por Sidra Analcohólica o Sidra sin Alcohol a la sidra a la cual se le ha\neliminado el alcohol mediante técnicas previamente autorizadas por la autoridad\ncompetente, con un contenido máximo de alcohol de 0,5% en Vol. a 20°C.""\nArtículo 1085 tetra - (Resolución Conjunta SPRyRS N° 87/04 y SAGPyA N°\n566/04)\n“Sidra Espumante: es la bebida obtenida a partir de sidra base, con una presión\nmínima de 3 atmósferas lograda por la toma de espuma mediante un proceso biológico\nendógeno para la formación del dióxido de carbono. La fuente hidrocarbonada para la\nsegunda fermentación deberá provenir del azúcar residual de la sidra base y/o el\nagregado de jugo concentrado de manzana. Su graduación alcohólica mínima será de\n6,0 % en Vol. ±0,3% a 20°C"".', 'Artículo 1085 - (Resolución Conjunta SPRyRS N° 87/04 y SAGPyA N° 566/04)\n“Sidra Base es la bebida que resulta exclusivamente de la fermentación alcohólica\nnormal del jugo recién obtenido de manzanas sanas y limpias, de uso industrial, con o\nsin la adición de hasta un 10% de jugo de peras obtenido en idénticas condiciones que\nel jugo de manzana y fermentado en forma conjunta o separada. Su graduación\nalcohólica mínima será de 4,5% en Vol. ±0,3 a 20°C.""\nArtículo 1085 bis – (Resolución Conjunta SPRyRS N° 87/04 y SAGPyA N°\n566/04)\n“Sidra es la sidra base, endulzada y gasificada. Su graduación alcohólica mínima será\nde 4,0% en Vol. ±0,3 a 20°C.\nArtículo 1085 tris - (Resolución Conjunta SPRyRS N° 87/04 y SAGPyA N°\n566/04)']","La sidra se define como la bebida que resulta exclusivamente de la fermentación alcohólica normal del jugo recién obtenido de manzanas sanas y limpias, de uso industrial, con o sin la adición de hasta un 10% de jugo de peras obtenido en idénticas condiciones que el jugo de manzana y fermentado en forma conjunta o separada. Su graduación alcohólica mínima será de 4,5% en Vol. ±0,3 a 20°C.","SIDRAS
Artículo 1085 - (Resolución Conjunta SPRyRS N° 87/04 y SAGPyA N° 566/04)
“Sidra Base es la bebida que resulta exclusivamente de la fermentación alcohólica
normal del jugo recién obtenido de manzanas sanas y limpias, de uso industrial, con o
sin la adición de hasta un 10% de jugo de peras obtenido en idénticas condiciones que
el jugo de manzana y fermentado en forma conjunta o separada. Su graduación
alcohólica mínima será de 4,5% en Vol. ±0,3 a 20°C.""",0.99999999995,1.0,0.9829625547945295,1.0,Basic
¿Qué se define como sidra?,"['“Sidra es la sidra base, endulzada y gasificada. Su graduación alcohólica mínima será de 4,0% en Vol. ±0,3 a 20°C.""', 'En la Sidra: la incorporación a la sidra base, como endulzante, de sacarosa y/o jarabe de maíz de alta fructosa y/o zumo concentrado de manzanas, filtración, aplicación de calor, filtración por membranas bacteriológicas, anhídrido carbónico.']","La sidra se define como la sidra base, endulzada y gasificada, con una graduación alcohólica mínima de 4,0% en Vol. ±0,3 a 20°C. Además, en el proceso de elaboración de la sidra se permite la incorporación de sacarosa, jarabe de maíz de alta fructosa y/o zumo concentrado de manzanas, así como la filtración, aplicación de calor, filtración por membranas bacteriológicas y anhídrido carbónico.","SIDRAS
Artículo 1085 - (Resolución Conjunta SPRyRS N° 87/04 y SAGPyA N° 566/04)
“Sidra Base es la bebida que resulta exclusivamente de la fermentación alcohólica
normal del jugo recién obtenido de manzanas sanas y limpias, de uso industrial, con o
sin la adición de hasta un 10% de jugo de peras obtenido en idénticas condiciones que
el jugo de manzana y fermentado en forma conjunta o separada. Su graduación
alcohólica mínima será de 4,5% en Vol. ±0,3 a 20°C.""",0.99999999995,1.0,0.8568749202114773,0.0,Advanced
¿Se pueden añadir aromas a los vinos?,[],"Sí, de acuerdo con la normativa vigente, se permite la adición de aromas a los vinos en la Unión Europea, siempre y cuando se cumplan ciertas condiciones y se respeten los límites establecidos. Los aromas que se pueden añadir deben estar autorizados y no pueden modificar la naturaleza, la calidad ni el origen del vino. Es importante que los productores de vino sigan las regulaciones específicas sobre la adición de aromas para garantizar el cumplimiento de la normativa.","Artículo 1105
Queda prohibido fabricar, exponer, expender y anunciar productos o mezclas
destinados a mejorar o dar aroma a los vinos o mostos, así como colorantes,
edulcorantes o conservadores prohibidos, o cualquiera otra substancia que tenga por
objeto engañar al consumidor sobre sus cualidades esenciales, origen o clase o con el
fin de falsear los resultados analíticos o disimular una alteración.",0.0,0.0,0.9398219547162913,0.0,Basic
¿Se pueden añadir aromas a los vinos?,[],"Sí, se pueden añadir aromas a los vinos mediante la adición de compuestos aromáticos naturales o artificiales. Sin embargo, es importante tener en cuenta que en la Unión Europea, la legislación vigente prohíbe la adición de aromas artificiales a los vinos con denominación de origen protegida, con el fin de preservar la autenticidad y la calidad de los mismos. Por lo tanto, en el caso de vinos con denominación de origen protegida, solo se pueden utilizar aromas naturales para su elaboración.","Artículo 1105
Queda prohibido fabricar, exponer, expender y anunciar productos o mezclas
destinados a mejorar o dar aroma a los vinos o mostos, así como colorantes,
edulcorantes o conservadores prohibidos, o cualquiera otra substancia que tenga por
objeto engañar al consumidor sobre sus cualidades esenciales, origen o clase o con el
fin de falsear los resultados analíticos o disimular una alteración.",0.0,0.0,0.9617318584532164,0.0,Advanced
¿Los condimentos vegetales tienen algunas restricciones?,"['Los titulares de los establecimientos deberán tomar todas las medidas precautorias, desde\nlas materias primas y en todas las etapas de elaboración, procesamiento y distribución, para\nevitar la presencia no intencional de sustancias no compatibles con los criterios descriptos\nanteriormente para el uso de las leyendas: “Solo con ingredientes de origen vegetal”, “100%\nvegetal”, “Hecho a base de plantas”, “vegano” y “vegetariano”.\nLa declaración de alérgenos de origen animal, cuando exista la posibilidad de contaminación\naccidental durante el proceso de elaboración, aun habiendo aplicado las Buenas Prácticas de\nManufactura, no será un impedimento para identificar a los productos con las leyendas\ndetalladas en el presente artículo.', 'Con la denominación genérica de Especias o Condimentos vegetales, se comprenden ciertas\nplantas o partes de ellas que por contener sustancias aromáticas, sápidas o excitantes se\nemplean para aderezar, aliñar o mejorar el aroma y el sabor de los alimentos y bebidas.\nArtículo 1200\nDeben ser genuinas, sanas y responder a sus características normales, y estar exentas de\nsustancias extrañas y de partes de la planta de origen que no posean cualidades de\ncondimentos (tallos, pecíolos, etc).\nLas especias pueden expenderse enteras o molidas.\nLas especias que se tengan en depósito, exhiban, circulen o expendan en mal estado de\nconservación o atacadas por insectos o con olor a moho serán decomisadas en el acto, como']","Sí, los condimentos vegetales tienen restricciones según la normativa. De acuerdo con el contexto proporcionado, los condimentos vegetales deben ser genuinos, sanos y responder a sus características normales. Además, deben estar exentos de sustancias extrañas y de partes de la planta de origen que no posean cualidades de condimentos, como tallos o pecíolos. También se menciona que las especias que se encuentren en mal estado de conservación, atacadas por insectos o con olor a moho serán decomisadas de inmediato. Por lo tanto, se establecen regulaciones específicas para garantizar la calidad e integridad de los condimentos vegetales.","CONDIMENTOS VEGETALES
Artículo 1199
Con la denominación genérica de Especias o Condimentos vegetales, se comprenden ciertas
plantas o partes de ellas que por contener sustancias aromáticas, sápidas o excitantes se
emplean para aderezar, aliñar o mejorar el aroma y el sabor de los alimentos y bebidas.
Artículo 1200
Deben ser genuinas, sanas y responder a sus características normales, y estar exentas de
sustancias extrañas y de partes de la planta de origen que no posean cualidades de
condimentos (tallos, pecíolos, etc).
Las especias pueden expenderse enteras o molidas.
Las especias que se tengan en depósito, exhiban, circulen o expendan en mal estado de
conservación o atacadas por insectos o con olor a moho serán decomisadas en el acto, como
asimismo las que han sido elaboradas en malas o deficientes condiciones de higiene.
Artículo 1201
Las mezclas de especias deben estar compuestas de especias simples, sanas, limpias y
genuinas, libres de productos extraños y deberán expenderse indicando en el rótulo los
componentes de la mezcla, y cada una debe responder a las especificaciones y características
analíticas propias.",0.99999999995,1.0,0.9444069513157451,1.0,Basic
¿Los condimentos vegetales tienen algunas restricciones?,"['""Deben ser genuinas, sanas y responder a sus características normales, y estar exentas de sustancias extrañas y de partes de la planta de origen que no posean cualidades de condimentos (tallos, pecíolos, etc).""', '""El uso de ciertos saborizantes/aromatizantes de esta categoría puede estar limitado por la presencia de un principio activo con restricción de límite en el producto final.""']","Sí, los condimentos vegetales tienen algunas restricciones. De acuerdo con el contexto proporcionado, los condimentos vegetales deben ser genuinos, sanos y responder a sus características normales. Además, deben estar exentos de sustancias extrañas y de partes de la planta de origen que no posean cualidades de condimentos, como tallos o pecíolos. Asimismo, el uso de ciertos saborizantes/aromatizantes de esta categoría puede estar limitado por la presencia de un principio activo con restricción de límite en el producto final.","CONDIMENTOS VEGETALES
Artículo 1199
Con la denominación genérica de Especias o Condimentos vegetales, se comprenden ciertas
plantas o partes de ellas que por contener sustancias aromáticas, sápidas o excitantes se
emplean para aderezar, aliñar o mejorar el aroma y el sabor de los alimentos y bebidas.
Artículo 1200
Deben ser genuinas, sanas y responder a sus características normales, y estar exentas de
sustancias extrañas y de partes de la planta de origen que no posean cualidades de
condimentos (tallos, pecíolos, etc).
Las especias pueden expenderse enteras o molidas.
Las especias que se tengan en depósito, exhiban, circulen o expendan en mal estado de
conservación o atacadas por insectos o con olor a moho serán decomisadas en el acto, como
asimismo las que han sido elaboradas en malas o deficientes condiciones de higiene.
Artículo 1201
Las mezclas de especias deben estar compuestas de especias simples, sanas, limpias y
genuinas, libres de productos extraños y deberán expenderse indicando en el rótulo los
componentes de la mezcla, y cada una debe responder a las especificaciones y características
analíticas propias.",0.99999999995,1.0,0.9676854376090084,0.2,Advanced
¿Qué caracteristicas debe tener la harina de chia?,"['Las harinas de soja no tostadas podrán ser usadas con fines industriales, siempre que los\nprocesos a que se someten con posterioridad aseguren una efectiva inactivación de los\nfactores nutritivos y microbiológicos.”\nArtículo 1407 bis – (Resolución Conjunta SPReI N° 86/2009 y SAGPyA N°\n711/2009)\n“Con la denominación de Harina de Chía, se entiende el producto proveniente de la\nmolienda de la semilla de chía (Salvia hispana L.) debiendo presentar esta última,\ncaracterísticas de semillas sanas, limpias y bien conservadas, que han sido sometidas a\nprensado para la remoción parcial o prácticamente total del aceite que contienen.\nLos diversos tipos de Harina de Chía que se consideran responderán a las siguientes\ncaracterísticas:\nHarina de Chía', 'Harina de Chía\tNone\tNone\n\tParcialmente Desgrasada\tDesgrasada\nPor ciento\tNone\tNone\nHumedad (100 -105º C) máx.\t9\t5\nProteína (N x 6.25) mín.\t20\t29\nGrasa (extracto etéreo) máx.\t18\t7\nFibra Total máx.\t35\t52\nCenizas (500 - 550º C) máx.\t5\t6', 'La denominación de venta será Harina de Chía Desgrasada o Harina de Chía Parcialmente\nDesgrasada, según corresponda.”\nArtículo 1407 tris - (Resolución Conjunta SCS y SAGyP N° 31/2023)\n“La harina de semilla de cáñamo es la proveniente de la molienda de la torta de semillas de\ncáñamo autorizadas en el presente Código que han sido sometidas a un proceso para la\nremoción parcial o prácticamente total del aceite que contienen. De acuerdo al nivel de\nremoción de aceite, las harinas podrán clasificarse como parcialmente desgrasada o\ndesgrasada. El contenido mínimo de proteína (N x 6,25) será de 20% (b.s.).\nPodrán presentar diferentes granulometrías, entre 180 y 350 micrómetros.\nDeberá cumplir con los siguientes criterios microbiológicos:']","La harina de chía debe tener las siguientes características:
- Humedad máxima entre 9% y 5%.
- Proteína mínima de 20% y 29%.
- Contenido máximo de grasa entre 18% y 7%.
- Fibra total máxima entre 35% y 52%.
- Cenizas máximas entre 5% y 6%.
Además, la denominación de venta será Harina de Chía Desgrasada o Harina de Chía Parcialmente Desgrasada, según corresponda.","“Con la denominación de Harina de Chía, se entiende el producto proveniente de la
molienda de la semilla de chía (Salvia hispana L.) debiendo presentar esta última,
características de semillas sanas, limpias y bien conservadas, que han sido sometidas a
prensado para la remoción parcial o prácticamente total del aceite que contienen.
Los diversos tipos de Harina de Chía que se consideran responderán a las siguientes
características:
Harina de Chía
Parcialmente Desgrasada Desgrasada
Por ciento
Humedad (100 -105º C) máx. 9 5
Proteína (N x 6.25) mín. 20 29
Grasa (extracto etéreo) máx. 18 7
Fibra Total máx. 35 52
Cenizas (500 - 550º C) máx. 5 6
Granulometría: 0.5 - 1 mm.
Color: marrón grisáceo.
Sabor y aroma: suave, agradable, propio de la semilla.
Los límites máximos de tolerancia de contaminantes inorgánicos serán los establecidos en el
presente Código.
Criterios microbiológicos:
Coliformes Totales, máx. 100 UFC/g
Coliformes Fecales (E. coli) Ausencia en 1g
Salmonella sp. Ausencia en 25g
Clostridium, sp. (Sulfito reductores) Ausencia en 1g
Staphilococcus sp. Ausencia en 1g
Recuento total de hongos y levaduras, máx. 100 UFC/g
Aflatoxinas máx. 0,03 μg/kg
La denominación de venta será Harina de Chía Desgrasada o Harina de Chía Parcialmente
Desgrasada, según corresponda.”",0.9999999999666667,0.16666666666666666,0.9053563151196878,1.0,Basic
¿Qué caracteristicas debe tener la harina de chia?,"['“Con la denominación de Harina de Chía, se entiende el producto proveniente de la molienda de la semilla de chía (Salvia hispana L.) debiendo presentar esta última, características de semillas sanas, limpias y bien conservadas, que han sido sometidas a prensado para la remoción parcial o prácticamente total del aceite que contienen.”', 'La harina de chía debe tener las siguientes características: \n\n- Humedad máxima de 9% para la harina parcialmente desgrasada y 5% para la desgrasada.\n- Proteína mínima de 20% para la harina parcialmente desgrasada y 29% para la desgrasada.\n- Grasa máxima de 18% para la harina parcialmente desgrasada y 7% para la desgrasada.\n- Fibra total máxima de 35% para la harina parcialmente desgrasada y 52% para la desgrasada.\n- Cenizas máximas de 5% para la harina parcialmente desgrasada y 6% para la desgrasada.', 'Las características que debe tener la harina de chía son las siguientes:\n\n- Humedad: máx 9%\n- Proteína (N x 6,25): mín 35%\n- Grasa (extr etéreo): mín 18%\n- Fibra cruda: máx 3,0%\n- Cenizas (500-550°C): máx 5,5%\n- Granulometría: el 95 por ciento debe pasar por tamiz de 149 micrones.\n\nAdemás, las harinas pueden someterse o no a un tostado durante el procesamiento.']","La harina de chía debe tener las siguientes características:

- Humedad máxima de 9% para la harina parcialmente desgrasada y 5% para la desgrasada.
- Proteína mínima de 20% para la harina parcialmente desgrasada y 29% para la desgrasada.
- Grasa máxima de 18% para la harina parcialmente desgrasada y 7% para la desgrasada.
- Fibra total máxima de 35% para la harina parcialmente desgrasada y 52% para la desgrasada.
- Cenizas máximas de 5% para la harina parcialmente desgrasada y 6% para la desgrasada.

Además, se menciona que el 95% de la harina debe pasar por un tamiz de 149 micrones y que las harinas pueden someterse o no a un tostado durante el procesamiento.","“Con la denominación de Harina de Chía, se entiende el producto proveniente de la
molienda de la semilla de chía (Salvia hispana L.) debiendo presentar esta última,
características de semillas sanas, limpias y bien conservadas, que han sido sometidas a
prensado para la remoción parcial o prácticamente total del aceite que contienen.
Los diversos tipos de Harina de Chía que se consideran responderán a las siguientes
características:
Harina de Chía
Parcialmente Desgrasada Desgrasada
Por ciento
Humedad (100 -105º C) máx. 9 5
Proteína (N x 6.25) mín. 20 29
Grasa (extracto etéreo) máx. 18 7
Fibra Total máx. 35 52
Cenizas (500 - 550º C) máx. 5 6
Granulometría: 0.5 - 1 mm.
Color: marrón grisáceo.
Sabor y aroma: suave, agradable, propio de la semilla.
Los límites máximos de tolerancia de contaminantes inorgánicos serán los establecidos en el
presente Código.
Criterios microbiológicos:
Coliformes Totales, máx. 100 UFC/g
Coliformes Fecales (E. coli) Ausencia en 1g
Salmonella sp. Ausencia en 25g
Clostridium, sp. (Sulfito reductores) Ausencia en 1g
Staphilococcus sp. Ausencia en 1g
Recuento total de hongos y levaduras, máx. 100 UFC/g
Aflatoxinas máx. 0,03 μg/kg
La denominación de venta será Harina de Chía Desgrasada o Harina de Chía Parcialmente
Desgrasada, según corresponda.”",0.9999999999666667,1.0,0.9136918331134635,0.23076923076923078,Advanced
¿Quiénes deben cumplir con la regulación alimentaria?,"['2.1.1. Los productores deben cumplir con la inscripción en el Registro Nacional Sanitario de\nProductores Agropecuarios (RENSPA).\n2.1.2. Los productores deberán identificar los alimentos fruti-hortícolas producidos, empleando\netiqueta/rótulo, consignándose los datos previstos en normativa vigente.\n2.1.3. Los productores deberán trasladar los productos fruti-hortícolas producidos, empleando\nel Documento de Tránsito Sanitario Vegetal (DTV), cuando las autoridades sanitarias lo exijan,\nprevisto en normativa vigente.\n2.2. Productos fitosanitarios\n2.2.1. Los productores deberán cumplir con las recomendaciones y las restricciones de uso,\nindicadas en el marbete/etiqueta y registrar la aplicación.', 'de cumplimiento obligatorio por parte de los elaboradores no siendo exigible presentación\nalguna ante cualquier Autoridad Sanitaria.\nANEXO\nREGLAMENTO TÉCNICO MERCOSUR DE PORCIONES DE ALIMENTOS ENVASADOS A\nLOS FINES DEL ROTULADO NUTRICIONAL\n1. ÁMBITO DE APLICACIÓN\nEl presente Reglamento Técnico se aplicará al rotulado nutricional de los alimentos que se\nproduzcan y comercialicen en el territorio de los Estados Partes del MERCOSUR, al comercio\nentre ellos y a las importaciones extrazona, envasados en ausencia del cliente, listos para\nofrecerlos a los consumidores.\nEl presente Reglamento Técnico se aplicará sin perjuicio de las disposiciones establecidas en\nlos Reglamentos Técnicos MERCOSUR vigentes en materia de rotulación de alimentos', 'asumidas conjuntamente entre el/los titulares del establecimiento, el/los elaborador/es de los\nproductos y el responsable técnico.\nEl Responsable Técnico podrá ser un Técnico, Técnico Superior o Profesional que, a juicio de la\nautoridad sanitaria competente, esté capacitado para cumplir con las funciones definidas en el\npresente Código y, además, para supervisar y coordinar las tareas de los elaboradores y llevar\nregistro/libro de los convenios/acuerdos escritos cuando correspondiere.\nArtículo 153\nLas Casas de Comida y Pensiones deben inscribirse en los registros de la autoridad sanitaria.\nArtículo 154 - Derogado por Resolución Conjunta SAGyP y SCS Nº 19/2023\nArtículo 154 bis - (Resolución Conjunta SCS y SAByDR N° 4/2020)\nI. CARGA DE ALIMENTOS', 'El rótulo de los suplementos dietarios deberá cumplir con los requisitos generales establecidos\nen el Capítulo V “Normas para la rotulación y publicidad de los alimentos” y los que en cada\ncaso particular se determinen en el presente código.\nAdemás, la información nutricional deberá incluir el nombre de los nutrientes y/o ingredientes\nde interés, sus contenidos por unidad o por recomendación de consumo diaria propuesta por\nel elaborador y en el caso de corresponder, el porcentaje de la IDR cubierto para cada uno de\nellos, de acuerdo a los valores establecidos en las tablas del artículo 1387.\nCuando existiera envase secundario la información mínima del envase primario (blister,\nampolla) deberá ser lote, fecha de vencimiento y marca.', 'Así, el CODEX ALIMENTARIUS y la I.C.M.S.F. continuamente han editado documentación\nnormativa que reglamenta el tema.\nConsiderando que los países que integran el MERCOSUR integran y participan activamente\nen la elaboración de los documentos del CODEX ALIMENTARIUS y de la I.C.M.S.F., estos\núltimos podrán ser tomados como referencia.\nCRITERIOS Y PATRONES APLICABLES A LA MICROBIOLOGÍA DE ALIMENTOS.\nPrincipios generales para su establecimiento\nDefinición de los criterios microbiológicos para los alimentos:\n1.-Caracterización de los microorganismos y/o sus toxinas considerados de interés. Con esta\nfinalidad los microorganismos comprenden bacterias, virus, hongos y levaduras.\n2.-Clasificación de los alimentos según su riesgo epidemiológico.', '1. Toda persona que realice actividades por la cual esté o pudiera estar en contacto con\nalimentos, en establecimientos donde se elaboren, fraccionen, almacenen, transporten,\ncomercialicen y/o enajenen alimentos, o sus materias primas, debe estar provista de un\nCARNET DE MANIPULADOR DE ALIMENTOS, expedido por la autoridad sanitaria competente,\ncon validez en todo el territorio nacional.\n2. Cada jurisdicción implementará el sistema de otorgamiento del CARNET DE MANIPULADOR\nde conformidad con lo prescrito en el presente artículo.\n3. Es responsabilidad del empleador garantizar las condiciones necesarias para que el\nmanipulador de alimentos cumplimente en forma adecuada la obtención del CARNET.', 'El rotulado de alimentos comprendidos en el Capítulo XVII - Alimentos de régimen o dietéticos\n— del Código Alimentario Argentino, deberá cumplir obligatoriamente las exigencias de la\npresente resolución y aquellas específicas del Código Alimentario Argentino que no sean\ncontrarias a estas normas generales.\nPara cumplimentar la información de la fecha de duración y la de identificación de lote\nrequeridas en la presente resolución podrán emplearse caracteres tipográficos diferentes a\nlos del resto del rótulo.\nToda modificación en la rotulación de los alimentos en virtud de la presente Resolución será\nde cumplimiento obligatorio por parte de los elaboradores no siendo exigible presentación\nalguna ante cualquier Autoridad Sanitaria.\nANEXO I', 'Deberán cumplir con las exigencias para el rotulado de alimentos envasados establecidos en el\npresente Código y con los requisitos específicos que a continuación se detallan:\n- Tipo de corte.\nDeberá consignarse la leyenda: “Lavar con agua potable antes de utilizar”, cuando la Autoridad\nSanitaria lo determine.”\nArtículo 925 quáter – (Resolución Conjunta SPReI y SAV N° 4 - E/2017)\n[Se otorga a las empresas, a partir del 10 de enero de 2017, un plazo de ciento\nochenta (180) días hábiles para su adecuación]\nLas frutas y hortalizas deberán ajustarse a las siguientes normas microbiológicas:\n1.- Hortalizas frescas y Frutas frescas.\nParámetro Criterio microbiológico Método de referencia (1)\nBAM-FDA: 2002, método I\nE. coli NMP/g n=5, c=2, m=10, M=100\no II']","Los productores de alimentos deben cumplir con la regulación alimentaria, lo cual implica inscribirse en el Registro Nacional Sanitario de Productores Agropecuarios (RENSPA), identificar los alimentos fruti-hortícolas producidos con etiquetas que cumplan con la normativa vigente, trasladar los productos empleando el Documento de Tránsito Sanitario Vegetal (DTV) cuando sea requerido por las autoridades sanitarias, y cumplir con las recomendaciones y restricciones de uso de productos fitosanitarios indicadas en el marbete/etiqueta, así como registrar su aplicación. Además, las Casas de Comida y Pensiones también deben inscribirse en los registros de la autoridad sanitaria.","Artículo 1
Toda persona, firma comercial o establecimiento que elabore, fraccione, conserve, transporte,
expenda, exponga, importe o exporte alimentos, condimentos, bebidas o primeras materias
correspondientes a los mismos y aditivos alimentarios debe cumplir con las disposiciones del
presente Código.",0.9999999999875,1.0,0.9118573082834329,1.0,Basic
¿Quiénes deben cumplir con la regulación alimentaria?,"['""Los productores deben cumplir con la inscripción en el Registro Nacional Sanitario de Productores Agropecuarios (RENSPA).""', 'El presente Reglamento Técnico se aplicará al rotulado nutricional de los alimentos que se produzcan y comercialicen en el territorio de los Estados Partes del MERCOSUR, al comercio entre ellos y a las importaciones extrazona, envasados en ausencia del cliente, listos para ofrecerlos a los consumidores.', 'Las Casas de Comida y Pensiones deben inscribirse en los registros de la autoridad sanitaria.', '""Toda persona que realice actividades por la cual esté o pudiera estar en contacto con alimentos, en establecimientos donde se elaboren, fraccionen, almacenen, transporten, comercialicen y/o enajenen alimentos, o sus materias primas, debe estar provista de un CARNET DE MANIPULADOR DE ALIMENTOS, expedido por la autoridad sanitaria competente, con validez en todo el territorio nacional.""', '""Las empresas que elaboren alimentos para propósitos médicos específicos deberán implementar un Sistema de Análisis de Peligros y Puntos Críticos de Control (HACCP, por sus siglas en inglés) de acuerdo a las directrices que constan en el Artículo 18 bis del presente Código.""', '""Toda modificación en la composición, formulación o rotulado de los alimentos en virtud de las Resoluciones MERCOSUR, serán de cumplimiento obligatorio por parte de los elaboradores no siendo exigible presentación alguna ante cualquier Autoridad Sanitaria.""', 'El presente Reglamento se aplica, en los puntos donde corresponda, a toda persona física o jurídica que posea por lo menos un establecimiento en el cual se realicen algunas de las actividades siguientes: elaboración/industrialización, fraccionamiento, almacenamiento y transporte de alimentos industrializados en los Estados Parte del Mercosur.', '""Toda persona, firma comercial o establecimiento que elabore, fraccione, conserve, transporte, expenda, exponga, importe o exporte alimentos, condimentos, bebidas o primeras materias correspondientes a los mismos y aditivos alimentarios debe cumplir con las disposiciones del presente Código.""']","Quienes deben cumplir con la regulación alimentaria son todos aquellos que realicen actividades relacionadas con alimentos, ya sea en la producción, comercialización, manipulación, elaboración, fraccionamiento, almacenamiento, transporte, importación o exportación de alimentos. Esto incluye a productores agropecuarios inscritos en el Registro Nacional Sanitario, Casas de Comida y Pensiones, empresas que elaboren alimentos para propósitos médicos específicos, así como cualquier persona física o jurídica que posea establecimientos donde se realicen actividades relacionadas con alimentos en los Estados Parte del Mercosur. Además, se destaca la obligatoriedad de contar con un Carnet de Manipulador de Alimentos expedido por la autoridad sanitaria competente.","Artículo 1
Toda persona, firma comercial o establecimiento que elabore, fraccione, conserve, transporte,
expenda, exponga, importe o exporte alimentos, condimentos, bebidas o primeras materias
correspondientes a los mismos y aditivos alimentarios debe cumplir con las disposiciones del
presente Código.",0.9379251700546282,1.0,0.948461049932265,1.0,Advanced
¿Qué se define como aditivo alimentario?,"['sus procesos biológicos. La designación ""alimento"" incluye además las substancias o mezclas\nde substancias que se ingieren por hábito, costumbres, o como coadyuvantes, tengan o no\nvalor nutritivo.\n3. Aditivo alimentario: Cualquier substancia o mezcla de substancias que directa o\nindirectamente modifiquen las características físicas, químicas o biológicas de un alimento, a\nlos efectos de su mejoramiento, preservación, o estabilización, siempre que:\na) Sean inocuos por sí mismos o a través de su acción como aditivos en las condiciones de\nuso.\nb) Su empleo se justifique por razones tecnológicas, sanitarias, nutricionales o\npsicosensoriales necesarias.\nc) Respondan a las exigencias de designación y de pureza que establezca este Código.', 'elaboración, contaminante y los principios fundamentales referentes al empleo de aditivos\nalimenticios, conforme a lo siguiente:\nIngredientes: es toda sustancia, incluidos los aditivos alimentarios, que se emplee en la\nfabricación o preparación de un alimento y esté presente en el producto final en su forma\noriginal o modificada.\nAditivo alimentario: es cualquier ingrediente agregado a los alimentos intencionalmente, sin\nel propósito de nutrir, con el objeto de modificar las características físicas, químicas, biológicas\no sensoriales, durante la manufactura, procesado, preparación, tratamiento, envasado,\nacondicionado, almacenado, transporte o manipulación de un alimento; podrá resultar que el', 'alimentos, los respectivos límites de composición, la migración específica y las restricciones de\nuso, así como definir el método de cálculo y el uso de factores de corrección.\n3. DEFINICIONES\n3.1 Aditivo: sustancia que se añade intencionadamente a la formulación del material para\nobtener un efecto físico o químico durante la fabricación del plástico o en el material u objeto\nfinal; su presencia en el material u objeto final es intencionada.\n3.2 Coadyuvante de polimerización: toda sustancia usada para aportar un medio adecuado para\nla fabricación de un polímero, un plástico o un revestimiento polimérico; puede estar presente,\npero ni es intencionado que esté presente en los materiales u objetos finales ni tiene efecto', 'biológicas o sensoriales, durante la manufactura, procesado, preparación, tratamiento,\nenvasado, acondicionado, almacenado, transporte o manipulación de un alimento; ello\ntendrá, o puede esperarse razonablemente que tenga (directa o indirectamente), como\nresultado, que el propio aditivo o sus productos se conviertan en un componente de dicho\nalimento. Este término no incluye a los contaminantes o a las sustancias nutritivas que se\nincorporan a un alimento para mantener o mejorar sus propiedades nutricionales.\n2.8 - Alimento- Es toda sustancia que se ingiere en estado natural, semielaborada o elaborada\ny se destina al consumo humano, incluidas las bebidas y cualquier otra sustancia que se utilice']","Un aditivo alimentario se define como cualquier sustancia o mezcla de sustancias que directa o indirectamente modifiquen las características físicas, químicas o biológicas de un alimento con el fin de mejorar, preservar o estabilizar dicho alimento. Para considerarse un aditivo alimentario, debe cumplir con ciertas condiciones, como ser inocuo por sí mismo o a través de su acción como aditivo en las condiciones de uso, justificar su empleo por razones tecnológicas, sanitarias, nutricionales o psicosensoriales necesarias, y cumplir con las exigencias de designación y pureza establecidas en el código correspondiente.","Aditivo alime ntario: es cualquier ingrediente agregado a los alimentos intencionalmente, sin
el propósito de nutrir, con el objeto de modificar las características físicas, químicas, biológicas
o sensoriales, durante la manufactura, procesado, preparación, tratamiento, envasado,
acondicionado, almacenado, transporte o manipulación de un alimento; podrá resultar que el
propio aditivo o sus derivados se conviertan en un componente de dicho alimento. Esta
definición no incluye a los contaminantes o a las sustancias nutritivas que se incorporan a un
alimento para mantener o mejorar sus propiedades nutricionales.",0.9166666666361111,1.0,0.9161488529814639,1.0,Basic
¿Qué se define como aditivo alimentario?,"['Aditivo alimentario: Cualquier substancia o mezcla de substancias que directa o indirectamente modifiquen las características físicas, químicas o biológicas de un alimento, a los efectos de su mejoramiento, preservación, o estabilización.', 'Aditivo alimentario: es cualquier ingrediente agregado a los alimentos intencionalmente, sin el propósito de nutrir, con el objeto de modificar las características físicas, químicas, biológicas o sensoriales, durante la manufactura, procesado, preparación, tratamiento, envasado, acondicionado, almacenado, transporte o manipulación de un alimento.', '""2.7 - Aditivo alimentario- Es cualquier ingrediente agregado a los alimentos intencionalmente, sin el propósito de nutrir, con el objeto de modificar las características físicas, químicas,""', '""Los Aditivos Alimentarios, definidos en el Artículo 6°, Inc 3, del presente Código deben: a) Ser inocuos por sí o a través de su acción como aditivos en las condiciones de uso.""']","Un aditivo alimentario se define como cualquier sustancia o mezcla de sustancias que se añaden a los alimentos de forma intencional, sin el propósito de nutrir, con el fin de modificar las características físicas, químicas, biológicas o sensoriales de los alimentos durante su procesamiento, preparación, envasado, almacenamiento, transporte o manipulación. Estos aditivos tienen como objetivo mejorar, preservar o estabilizar los alimentos. Además, es importante destacar que los aditivos alimentarios deben ser inocuos por sí mismos o a través de su acción como aditivos en las condiciones de uso.","Aditivo alime ntario: es cualquier ingrediente agregado a los alimentos intencionalmente, sin
el propósito de nutrir, con el objeto de modificar las características físicas, químicas, biológicas
o sensoriales, durante la manufactura, procesado, preparación, tratamiento, envasado,
acondicionado, almacenado, transporte o manipulación de un alimento; podrá resultar que el
propio aditivo o sus derivados se conviertan en un componente de dicho alimento. Esta
definición no incluye a los contaminantes o a las sustancias nutritivas que se incorporan a un
alimento para mantener o mejorar sus propiedades nutricionales.",0.999999999975,1.0,0.9199933002867778,0.5,Advanced
¿Cuáles son los límites de metales aceptados en los alimentos?,"['PARTE I\n1- Criterios Generales:\n1.1 - En los alimentos contemplados en el presente Reglamento se admite la presencia de\nlos elementos metálicos y no metálicos, dentro de los límites establecidos, conforme lo\nindicado en la Parte II.\n1.2 - El presente Reglamento Técnico no se aplica a los alimentos para lactantes y niños de\ncorta edad, los que se regirán por los Reglamentos Técnicos específicos.\n1.3 - Los niveles de contaminantes inorgánicos en los alimentos deberán ser lo más bajos\nposibles, debiendo prevenirse la contaminación del alimento en la fuente, aplicar la\ntecnología más apropiada en la producción, manipulación, almacenamiento, procesamiento y\nenvasado, a fin de evitar que un alimento contaminado sea comercializado o consumido.', 'Metal\tCriterio de aceptación\tMetodología\nCadmio (Cd)\t< 1000 µg / kilo de carne de moluscos\tEspectrometría de\nAbsorción Atómica\nPlomo (Pb)\t< 1000 µg / kilo de carne de moluscos\tNone\nMercurio (Hg)\t< 500 µg / kilo de carne de moluscos\tNone', '""Los envases metálicos no deberán ceder plomo, cinc, antimonio, cobre, cromo, hierro, estaño, en\ncantidades superiores a las establecidas en el Artículo 156, ni otros contaminantes constituidos por\nmetales o metaloides que puedan considerarse nocivos.\nLas pruebas de cesión podrán efectuarse de acuerdo al siguiente esquema en base a la\ncaracterización convencional de tres productos alimenticios básicos y las respectivas soluciones a\nutilizarse para ensayar la transferencia de metales.\nTipo 1 - Productos acuosos ácidos y no ácidos, esterilizados en su envase por acción del calor, que\npueden contener sal y/o azúcar e incluir emulsiones aceite/agua, o bajo contenido de grasa.', 'alimento a envasar no sea de tipo acuoso ácido.\nSobre los extractos se determinan los metales y otros elementos usando técnicas\nespectrométricas de la mayor selectividad y sensibilidad disponibles.\nLos límites de migración específica (LME) de los elementos a determinar son los siguientes:\nElemento LME en mg/kg\nAntimonio (Sb) 0,04\nArsénico (As) 0,01\nBario (Ba) 1\nBoro (B) 0,5\nCadmio (Cd) 0,005\nCinc (Zn) 25\nCobre (Cu) 5\nCromo (Cr) 0,05\nEstaño (Sn) 1,2\nFlúor (F) 0,5\nMercurio (Hg) 0,005\nPlata (Ag) 0,05\nPlomo (Pb) 0,01\nLa determinación del contenido de metales y metaloides en los extractos se debe llevar a\ncabo utilizando técnicas espectrométricas de cuantificación con sensibilidad adecuada para\nverificar el cumplimiento de los límites establecidos.', 'necesario para los alimentos que no requieren ser esterilizados o sometidos a otro tipo de\ntratamiento térmico para su conservación.\n2.7. Queda permitido reciclar los materiales metálicos, siempre que los mismos sean sometidos a\nun proceso que permita cumplir las especificaciones del presente Reglamento.\n2.8. Los materiales metálicos no deben contener más de 1% (m/m) de impurezas constituidas por\nplomo, arsénico, cadmio, mercurio, antimonio y cobre considerados en conjunto. El límite\nindividual de arsénico, mercurio y plomo no debe ser mayor de 0,01% (m/m).\n2.9. Los metales contaminantes no deberán migrar en cantidades superiores a los límites\nestablecidos en el Reglamento Técnico MERCOSUR sobre contaminantes inorgánicos en alimentos o', 'alimentos, pueden utilizarse todo tipo de colorantes siempre que los mismos no puedan ser\ncedidos al alimento y no contengan metales en cantidades superiores a los siguientes\nporcentajes:\nArsénico 0,005% soluble en NaOH lN\nBario 0,01% soluble en HCl N/10\nCadmio 0,20% soluble en HCl N/10\nCinc 0,20% soluble en HCl N/10\nMercurio 0,005% soluble en HCl N/10\nPlomo 0,01% soluble en HNO3 1N\nSelenio 0,01% soluble en HCl N/10\nEl contenido de aminas aromáticas no debe ser superior al 0,05% p/p"".\nArtículo 212\nEstá prohibido emplear, en la elaboración de materias plásticas y objetos de materias\nplásticas destinados a estar en contacto con alimentos, materias plásticas de segundo uso.\nArtículo 212 bis - (Resolución Conjunta N° 20/03 y N° 248/03)', 'Aluminio = 1 mg/kg de alimento o simulante alimentario.\nBario = 1 mg/kg de alimento o simulante alimentario.\nCobalto = 0,05 mg/kg de alimento o simulante alimentario.\nCobre = 5 mg/kg de alimento o simulante alimentario.\nHierro = 48 mg/kg de alimento o simulante alimentario.\nLitio = 0,6 mg/kg alimento o simulante alimentario.\nManganeso = 0,6 mg/kg de alimento o simulante alimentario.\nNíquel = 0,02 mg/kg de alimento o simulante alimentario.\nZinc= 5 mg/kg de alimento o simulante alimentario.\nPara los revestimientos poliméricos la evaluación del LME (T) de aluminio, bario, cobalto,\ncobre, hierro, litio, manganeso, níquel y zinc podrá ser realizada sobre el sustrato inerte;', 'términos fueron elaborados por la Coordinación Políticas Socioambientales de la entonces\nSecretaría de Gobierno de Salud del entonces Ministerio de Salud y Desarrollo Social y la ex\nSecretaría de Infraestructura y Política Hídrica del entonces Ministerio del Interior, Obras\nPúblicas y Vivienda. La Comisión Nacional de Alimentos deberá recomendar el límite máximo\nadmitido para dichas regiones del país en base a los estudios antes referidos.\nEn aquellas regiones del país con suelos de alto contenido de manganeso, la autoridad sanitaria\ncompetente podrá permitir valores mayores a 0.1 mg/l con un límite máximo de 0,4 mg/l\ncuando la composición normal del agua de la zona y la imposibilidad de aplicar tecnologías de\ncorrección lo hicieran necesario.', 'El Cóctel de Frutas deberá cumplir (conjunto de frutas y líquido) con los siguientes límites en el\ncontenido de metales:\nCobre, Máx.: 10 mg/kg Arsénico, Máx.: 0,1 mg/kg Plomo, Máx.: 2,0 mg/kg Estaño, Máx.:\n100,0 mg/kg.\nLa denominación de venta de este producto será “Cóctel de .... frutas, grado .... en ...”,\nllenando el primer espacio en blanco con el número de frutas (cuatro o cinco, en letras), el\nsegundo espacio en blanco con el grado de selección (elegido o común) y el tercer espacio en\nblanco con la denominación del líquido de cobertura. Para la expresión “Cóctel de .... Frutas,\ngrado ....” se utilizarán letras de igual tamaño, realce y visibilidad; para la frase “en ....” que', 'leucobase: máx 5%\nAminas aromáticas primarias no sulfonadas: máx 0,01% calculadas como anilinas\nArsénico: máx 3 mg/kg\nPlomo: máx 10 mg/kg\nMetales pesados: máx 40 mg/kg\nFAO Food and Nutrition Paper 31/1 (1984) y sus modificaciones"".\nArtículo 1325bis - Res 1541, 12.09.90)\nCon excepción de los criterios específicos de pureza contemplados para cada colorante, los\ncolorantes de uso alimentario (Artículos 1324 y 1325) deberán responder a los siguientes\ncriterios de pureza, referidos al contenido de materia colorante:\n1°) Impurezas inorgánicas:\nArsénico: máx 5 mg/kg\nAntimonio, Cobre, Cromo Sulfato de Bario, Zinc: máx 100 mg/kg (considerados aisladamente),\no máx 200 mg/kg (considerados en forma conjunta)\nPlomo: máx 20 mg/kg', 'Máximos - Miligramos por kilogramo\nAntimonio 2\nArsénico:\nen líquidos 0,1\nen sólidos 1\nBoro 80\nCobre 10\nEstaño 250\nFlúor 1,5\nPlata 1\nPlomo 2\nZinc 100\nRESOLUCIÓN GMC Nº 12/11\nIncorporada por Resolución Conjunta SPReI N° 116/2012 y SAGyP N° 356/2012\nREGLAMENTO TÉCNICO MERCOSUR SOBRE LÍMITES MÁXIMOS DE\nCONTAMINANTES INORGÁNICOS EN ALIMENTOS\n(DEROGACIÓN DE LAS RES. GMC Nº 102/94 y Nº 35/96)\nVISTO: El Tratado de Asunción, el Protocolo de Ouro Preto y las Resoluciones Nº 102/94,\n103/94, 35/96, 45/96, 38/98 y 56/02 del Grupo Mercado Común.\nCONSIDERANDO:\nQue es necesario actualizar los Límites Máximos de Contaminantes Inorgánicos en\nAlimentos;\nQue a los efectos de proteger la salud pública resulta esencial mantener el contenido de los', 'sus emulsiones acuosas como agente antiespumante en los procesos de elaboración de\nalimento, siempre que el producto terminado no contenga más de 10 mg/kg de\ndimetilpolisiloxano residual.\nArtículo 1398\nLos aditivos alimentarios que integran la lista positiva del Código Alimentario Argentino\nno contendrán más de 3 mg/kg de arsénico, como As; de 10 mg/kg de plomo, como\nPb; y de 40 mg/kg de metales pesados como Pb, salvo indicación particular diferente.\nEn general, se recomienda que no contenga más de 50 mg/kg de hierro y cobre\nglobalmente.\nResponderán a las exigencias que a continuación se detallan:\n1. ACEITES VEGETALES BROMADOS (Derogado por Res. Conj RESFC-2018-4-APN-\nSRYGS#MSYDS Nº4/2018)\n1.1 ACETALDEHIDO o ETANAL. (Res 1228, 28.5.75)', 'Los límites de migración específica así como la metodología analítica están establecidos en las\nResoluciones MERCOSUR correspondientes.\n6- Los envases y equipamientos plásticos no ocasionarán modificaciones inaceptables de la\ncomposición de los alimentos o de los caracteres sensoriales de los mismos.\n7- Para colorear envases y equipamientos plásticos destinados a entrar en contacto con alimentos\nse podrán utilizar todos los tipos de colorantes y pigmentos que cumplan los siguientes requisitos:\na. No deberán migrar hacia los alimentos;\nb. No contendrán metales en cantidades superiores a los siguientes porcentajes:\nArsénico (soluble en NaOH 1N) 0.005% m/m\nBario (soluble en HCl 0.1N) 0.01% m/m\nCadmio (soluble en HCl 0.1N) 0.01% m/m', '2.3 - Requisitos sobre metales y metaloides en colorantes.\nA partir de la entrada en vigencia del presente Reglamento Técnico, los colorantes no\ncontendrán metales y metaloides en cantidades superiores a los siguientes porcentajes:\nAntimonio (Sb) (soluble en HCl 0,1N) 0,05 % m/m\nArsénico (As) (soluble en HCl 0,1N) 0,005 % m/m\nBario (Ba) (soluble en HCl 0,1N) 0,01 % m/m\nCadmio (Cd) (soluble en HCl 0,1N) 0,01 % m/m\nCinc (Zn) (soluble en HCl 0,1N) 0,20 % m/m\nCromo (Cr) (soluble en HCl 0,1N) 0,10 % m/m\nMercurio (Hg) (soluble en HCl 0,1N) 0,005 % m/m\nPlomo (Pb) (soluble en HCl 0,1N) 0,01 % m/m\nSelenio (Se) (soluble en HCl 0,1N) 0,01 % m/m\nMetodología analítica:\na) Métodos para extracción de los metales y metaloides', 'Categorías\tLímite máximo\n(mg/kg)\nAceites y grasas comestibles de origen vegetal y/o animal\n(incluye margarina)\t0,10\nAzúcares\t0,10\nMiel\t0,30\nCaramelos duros y blandos y similares incluidos goma de mascar\t0,10\nPasta de cacao\t0,50\nChocolates y productos de cacao con menos de 40 % de cacao\t0,20\nChocolates y productos a base de cacao con más de 40 % de cacao\t0,40\nBebidas analcohólicas (excluidos los jugos)\t0,05\nZumos (Jugos) y néctares de frutas\t0,05\nBebidas alcohólicas fermentadas y fermento-destiladas, excepto vino\t0,20\nVino\t0,15 mg/L\nCereales y productos de y a base de cereales, excluidos trigo, arroz y\nsus productos derivados y aceites\t0,20\nTrigo y sus derivados excepto aceite\t0,20\nArroz y sus derivados excepto aceite\t0,20\nPoroto (grano) de soja\t0,20\nHortalizas del género Brassica (excluidas las de hojas sueltas)\t0,30\nHortalizas de hoja (incluidas las Brassicas de hoja suelta) y hierbas\naromáticas frescas\t0,30\nHortalizas de bulbo y hojas envainadoras\t0,10\nHortalizas de fruto de la familia Curcubitaceae\t0,10\nHortalizas de fruto, distintas de las de la familia Curcubitaceae\t0,10\nSetas (hongos) excepto las del género Agaricus, Pleurotus y Lentinula\no Lentinus\t0,10\nHortalizas leguminosa\t0,10\nLegumbres (semillas secas de las leguminosas) excepto soja\t0,20\nSetas (hongos) del género Agaricus, Pleurotus y Lentinula o Lentinus\t0,30\nRaíces y tubérculos\t0,10\nTallos jóvenes y pecíolos\t0,20\nFrutas secas\t0,80']","Los límites de metales aceptados en los alimentos varían según el metal en cuestión. Según la información proporcionada, los límites para algunos metales en alimentos son los siguientes:

- Cadmio (Cd): < 1000 µg / kilo de carne de moluscos
- Plomo (Pb): < 1000 µg / kilo de carne de moluscos
- Mercurio (Hg): < 500 µg / kilo de carne de moluscos

Además, se establecen límites de migración específica (LME) para otros metales en envases y equipamientos plásticos destinados a estar en contacto con alimentos, como por ejemplo:
- Plomo (Pb): 0,01 mg/kg
- Arsénico (As): 0,01 mg/kg
- Cobre (Cu): 5 mg/kg

Es importante tener en cuenta que estos límites pueden variar dependiendo del tipo de alimento y del metal en cuestión, por lo que es fundamental consultar la normativa específica vigente para cada caso.","Artículo 156 - (Res. 1546, 17.9.85)
""En los alimentos en general (con las excepciones particularmente previstas en el presente
Código) se tolera la presencia de los siguientes elementos metálicos y no metálicos dentro
de los límites que se establecen a continuación:
Máximos - Miligramos por kilogramo
Antimonio 2
Arsénico:
en líquidos 0,1
en sólidos 1
Boro 80
Cobre 10
Estaño 250
Flúor 1,5
Plata 1
Plomo 2
Zinc 100",0.9999999999933333,1.0,0.0,1.0,Basic
¿Cuáles son los límites de metales aceptados en los alimentos?,"['""Cadmio (Cd) < 1000 µg / kilo de carne de moluscos"", ""Plomo (Pb) < 1000 µg / kilo de carne de moluscos"", ""Mercurio (Hg) < 500 µg / kilo de carne de moluscos""', '""Los límites de migración específica (LME) de los elementos a determinar son los siguientes:\n- Antimonio (Sb) 0,04 mg/kg\n- Arsénico (As) 0,01 mg/kg\n- Bario (Ba) 1 mg/kg\n- Boro (B) 0,5 mg/kg\n- Cadmio (Cd) 0,005 mg/kg\n- Cinc (Zn) 25 mg/kg\n- Cobre (Cu) 5 mg/kg\n- Cromo (Cr) 0,05 mg/kg\n- Estaño (Sn) 1,2 mg/kg\n- Flúor (F) 0,5 mg/kg\n- Mercurio (Hg) 0,005 mg/kg\n- Plata (Ag) 0,05 mg/kg\n- Plomo (Pb) 0,01 mg/kg""', '""no contengan metales en cantidades superiores a los siguientes porcentajes: Arsénico 0,005% soluble en NaOH lN, Bario 0,01% soluble en HCl N/10, Cadmio 0,20% soluble en HCl N/10, Cinc 0,20% soluble en HCl N/10, Mercurio 0,005% soluble en HCl N/10, Plomo 0,01% soluble en HNO3 1N, Selenio 0,01% soluble en HCl N/10.""', 'Aluminio = 1 mg/kg de alimento o simulante alimentario.  \nBario = 1 mg/kg de alimento o simulante alimentario.  \nCobalto = 0,05 mg/kg de alimento o simulante alimentario.  \nCobre = 5 mg/kg de alimento o simulante alimentario.  \nHierro = 48 mg/kg de alimento o simulante alimentario.  \nLitio = 0,6 mg/kg alimento o simulante alimentario.  \nManganeso = 0,6 mg/kg de alimento o simulante alimentario.  \nNíquel = 0,02 mg/kg de alimento o simulante alimentario.  \nZinc = 5 mg/kg de alimento o simulante alimentario.', 'El Cóctel de Frutas deberá cumplir (conjunto de frutas y líquido) con los siguientes límites en el contenido de metales: Cobre, Máx.: 10 mg/kg Arsénico, Máx.: 0,1 mg/kg Plomo, Máx.: 2,0 mg/kg Estaño, Máx.: 100,0 mg/kg.', 'Arsénico: máx 3 mg/kg  \nPlomo: máx 10 mg/kg  \nMetales pesados: máx 40 mg/kg', 'Los límites de metales aceptados en los alimentos son los siguientes:\n\n- Antimonio: 2 mg/kg\n- Arsénico: en líquidos 0,1 mg/kg, en sólidos 1 mg/kg\n- Boro: 80 mg/kg\n- Cobre: 10 mg/kg\n- Estaño: 250 mg/kg\n- Flúor: 1,5 mg/kg\n- Plata: 1 mg/kg\n- Plomo: 2 mg/kg\n- Zinc: 100 mg/kg', 'Los aditivos alimentarios que integran la lista positiva del Código Alimentario Argentino no contendrán más de 3 mg/kg de arsénico, como As; de 10 mg/kg de plomo, como Pb; y de 40 mg/kg de metales pesados como Pb, salvo indicación particular diferente. En general, se recomienda que no contenga más de 50 mg/kg de hierro y cobre globalmente.', 'Los límites de metales aceptados en los alimentos son los siguientes:\n\n- Aceites y grasas comestibles de origen vegetal y/o animal (incluye margarina): 0,10 mg/kg\n- Azúcares: 0,10 mg/kg\n- Miel: 0,30 mg/kg\n- Caramelos duros y blandos y similares incluidos goma de mascar: 0,10 mg/kg\n- Pasta de cacao: 0,50 mg/kg\n- Chocolates y productos de cacao con menos de 40 % de cacao: 0,20 mg/kg\n- Chocolates y productos a base de cacao con más de 40 % de cacao: 0,40 mg/kg\n- Bebidas analcohólicas (excluidos los jugos): 0,05 mg/kg\n- Zumos (Jugos) y néctares de frutas: 0,05 mg/kg\n- Bebidas alcohólicas fermentadas y fermento-destiladas, excepto vino: 0,20 mg/kg\n- Vino: 0,15 mg/L\n- Cereales y productos de y a base de cereales, excluidos trigo, arroz y sus productos derivados y aceites: 0,20 mg/kg\n- Trigo y sus derivados excepto aceite: 0,20 mg/kg\n- Arroz y sus derivados excepto aceite: 0,20 mg/kg\n- Poroto (grano) de soja: 0,20 mg/kg\n- Hortalizas del género Brassica (excluidas las de hojas sueltas): 0,30 mg/kg\n- Hortalizas de hoja (incluidas las Brassicas de hoja suelta) y hierbas aromáticas frescas: 0,30 mg/kg\n- Hortalizas de bulbo y hojas envainadoras: 0,10 mg/kg\n- Hortalizas de fruto de la familia Curcubitaceae: 0,10 mg/kg\n- Hortalizas de fruto, distintas de las de la familia Curcubitaceae: 0,10 mg/kg\n- Setas (hongos) excepto las del género Agaricus, Pleurotus y Lentinula o Lentinus: 0,10 mg/kg\n- Hortalizas leguminosa: 0,10 mg/kg\n- Legumbres (semillas secas de las leguminosas) excepto soja: 0,20 mg/kg\n- Setas (hongos) del género Agaricus, Pleurotus y Lentinula o Lentinus: 0,30 mg/kg\n- Raíces y tubérculos: 0,10 mg/kg\n- Tallos jóvenes y pecíolos: 0,20 mg/kg\n- Frutas secas: 0,80 mg/kg', 'Los límites de metales aceptados en los alimentos son los siguientes:\n\n- Miel: 0,10 mg/kg\n- Pasta de cacao: 0,30 mg/kg\n- Chocolates y productos de cacao con menos de 40 % de cacao: 0,20 mg/kg\n- Chocolates y productos a base de cacao con más de 40 % de cacao: 0,30 mg/kg\n- Bebidas analcohólicas (excluidos los jugos): 0,02 mg/kg\n- Zumos (Jugos) y néctares de frutas: 0,05 mg/kg\n- Bebidas alcohólicas fermentadas y fermento-destiladas, excepto vino: 0,02 mg/kg\n- Vino: 0,01 mg/L\n- Cereales y productos de y a base de cereales, excluidos trigo, arroz y sus productos derivados y aceites: 0,10 mg/kg\n- Trigo y sus derivados excepto aceite: 0,20 mg/kg\n- Arroz y sus derivados excepto aceite: 0,40 mg/kg\n- Poroto (grano) de soja: 0,20 mg/kg\n- Hortalizas del género Brassica (excluidas las de hojas sueltas): 0,05 mg/kg\n- Hortalizas de hoja (incluidas las Brassicas de hoja suelta) y hierbas aromáticas frescas: 0,20 mg/kg\n- Hortalizas de bulbo y hojas envainadoras: 0,05 mg/kg\n- Hortalizas de fruto de la familia Curcubitaceae: 0,05 mg/kg\n- Hortalizas de fruto, distintas de las de la familia Curcubitaceae: 0,05 mg/kg\n- Setas (hongos) excepto las del género Agaricus, Pleurotus y Lentinula o Lentinus: 0,05 mg/kg\n- Hortalizas leguminosas: 0,10 mg/kg\n- Legumbres (semillas secas de las leguminosas) excepto soja: 0,10 mg/kg\n- Setas (hongos) del género Agaricus, Pleurotus y Lentinula o Lentinus: 0,20 mg/kg\n- Raíces y tubérculos: 0,10 mg/kg\n- Tallos jóvenes y pecíolos: 0,10 mg/kg\n- Frutas frescas, excluidas las bayas y frutas pequeñas: 0,05 mg/kg\n- Frutas frescas de bayas y frutas pequeñas: 0,05 mg/kg\n- Té, yerba mate, y otros vegetales para infusión: 0,40 mg/kg\n- Café torrado en granos y polvo: 0,10 mg/kg', '""Antimonio (Sb) 0,04 mg/kg, Arsénico (As) 0,01 mg/kg, Bario (Ba) 1 mg/kg, Boro (B) 0,5 mg/kg, Cadmio (Cd) 0,005 mg/kg, Cinc (Zn) 25 mg/kg, Cobre (Cu) 5 mg/kg, Cromo (Cr) 0,05 mg/kg, Estaño (Sn) 1,2 mg/kg, Flúor (F) 0,5 mg/kg, Mercurio (Hg) 0,005 mg/kg, Plata (Ag) 0,05 mg/kg, Plomo (Pb) 0,01 mg/kg.""', 'c) El contenido de plomo no podrá superar 0,01 mg/kg del producto listo para el consumo.  \nd) El contenido de arsénico no podrá superar los 0,05 mg/kg del producto listo para el consumo.  \ne) El contenido de aluminio no podrá superar 1 mg/kg del producto listo para el consumo.', 'Los límites de metales aceptados en los alimentos, según el texto proporcionado, son los siguientes:\n\n- Antimonio (Sb), LME 0,04 mg/kg\n- Boro (B), LME 0,5 mg/kg\n- Bario (Ba), LME 1 mg/kg\n- Cobre (Cu), LME 5 mg/kg\n- Estaño (Sn), LME 1,2 mg/kg\n- Flúor (F), LME 0,5 mg/kg\n- Plata (Ag), LME 0,05 mg/kg\n- Zinc (Zn), LME 25 mg/kg', 'g) Plomo (Pb) soluble en HCl 0,1N: máximo 0,01 % (m/m);  \nh) Selenio (Se) soluble en HCl 0,1N: máximo 0,01 % (m/m);  \ni) Zinc (Zn) soluble en HCl 0,1N: máximo 0,20 % (m/m).', '""Los metales en contacto con los alimentos y sus materias primas no deberán contener más de 1% de impurezas constituidas por plomo, antimonio, cinc, cobre u otros metales considerados en conjunto, ni más de 0,01% de arsénico, ni otra substancia considerada nociva por la autoridad sanitaria nacional.""', 'i) Hierro total como Fe, límite de composición: máximo 70 mg/kg;  \nj) Hierro soluble en agua como Fe, límite de migración específica: máximo 15 mg/kg;  \nk) Plomo como Pb, límite de composición: máximo 20 mg/kg;', 'Los límites de metales aceptados en los alimentos, específicamente para el plomo, son los siguientes:\n\n- Aceites y grasas comestibles de origen vegetal y/o animal (incluye margarina): 0,10 mg/kg\n- Azúcares: 0,10 mg/kg\n- Miel: 0,30 mg/kg\n- Caramelos duros y blandos y similares incluidos goma de mascar: 0,10 mg/kg\n- Pasta de cacao: 0,50 mg/kg\n- Chocolates y productos de cacao con menos de 40 % de cacao: 0,20 mg/kg\n- Chocolates y productos a base de cacao con más de 40 % de cacao: 0,40 mg/kg\n- Bebidas analcohólicas (excluidos los jugos): 0,05 mg/kg\n- Zumos (Jugos) y néctares de frutas: 0,05 mg/kg']","Los límites de metales aceptados en los alimentos, según la información proporcionada, son los siguientes:

- Antimonio (Sb): LME 0,04 mg/kg
- Arsénico (As): en líquidos 0,1 mg/kg, en sólidos 1 mg/kg
- Bario (Ba): LME 1 mg/kg
- Boro (B): 0,5 mg/kg
- Cadmio (Cd): 0,005 mg/kg
- Cinc (Zn): LME 25 mg/kg
- Cobre (Cu): LME 5 mg/kg
- Cromo (Cr): 0,05 mg/kg
- Estaño (Sn): LME 1,2 mg/kg
- Flúor (F): 0,5 mg/kg
- Mercurio (Hg): 0,005 mg/kg
- Plata (Ag): LME 0,05 mg/kg
- Plomo (Pb): LME 0,01 mg/kg

Estos son los límites establecidos para diferentes metales en alimentos según las normativas mencionadas en el contexto proporcionado.","Artículo 156 - (Res. 1546, 17.9.85)
""En los alimentos en general (con las excepciones particularmente previstas en el presente
Código) se tolera la presencia de los siguientes elementos metálicos y no metálicos dentro
de los límites que se establecen a continuación:
Máximos - Miligramos por kilogramo
Antimonio 2
Arsénico:
en líquidos 0,1
en sólidos 1
Boro 80
Cobre 10
Estaño 250
Flúor 1,5
Plata 1
Plomo 2
Zinc 100",0.9837863270246638,1.0,0.9043437521433817,1.0,Advanced
¿Qué antioxidantes o sinergistas pueden agregarse a los aceites y grasas vegetales comestibles?,"['alimentaria y servicios gastronómicos deberán reunir las características y responder a las\nexigencias de los aceites y grasas incluidos en el presente Código.\nEn el caso de los aceites deberán estar adicionados de antioxidantes y/o sinergistas autorizados\nsegún el Artículo 523 bis, Inc. 2, 3, 4, 6, 7, 8 y 9.\nSe permite el agregado de metilsilicona como antiespumante en cantidad no superior a 10\nmg/kg (10 ppm).\nDe acuerdo con las condiciones en que se realice el proceso de fritura, la autoridad sanitaria\ncompetente podrá desestimar el uso de aceites cuyo contenido en ácido linolénico sea superior\nal 2% de los ácidos grasos.\nArtículo 552bis - (Resolución Conjunta SCS y SAByDR N° 17/2021)', 'refieran al aceite proveniente de una sola especie vegetal"".\nArtículo 523 - (Res 2012, 19.10.84)\n""Queda prohibido adicionar a los aceites alimenticios substancias extrañas destinadas a dar\nsabor, aroma, color o a modificar sus caracteres fisicoquímicos"".\nArtículo 523bis - (Res 2012, 19.10.84)\n""Los aceites y grasas vegetales comestibles podrán ser adicionados, con la exclusión de los\naceites de oliva de presión no refinados, de los siguientes antioxidantes y sinergistas:\n1. Galato de propilo, galato de octilo y galato de dodecilo (o sus mezclas), Máx: 100 mg/kg\n(100 ppm), aislados o mezclados.\n2. Hidroxianisol butilado (BHA), Máx: 200 mg/kg (200 ppm).\n3. Hidroxitolueno butilado (BHT), Máx: 200 mg/kg (200 ppm)', 'Queda permitida la adición a los aceites esenciales de los siguientes antioxidantes: galato de\npropilo, octilo o dodecilo; butilhidroxianisol (BHA); butilhidroxitolueno (BHT), en una cantidad\nno superior a 1,0 g/kg, ya sea aisladamente o en mezclas que no superen esta cantidad.\nArtículo 1302\nLos valores de las distintas características fisicoquímicas mencionadas para los aceites\nesenciales serán determinadas de acuerdo a los métodos que figuran en las normas IRAM\ncorrespondientes.\nArtículo 1303\nLos aceites esenciales o esencias naturales podrán expenderse aisladamente o en mezclas y en\nlas que cada una deberá responder a sus características.\nCuando se trate de una esencia natural deberá rotularse exclusivamente con su denominación', 'La cantidad de antioxidantes, emulsionantes y sinergistas en relación al contenido de substancias\ngrasas, no deberá ser superior a la permitida en el presente Código.\nLa cantidad permitida de glutamato de sodio y/o potasio no deberá ser superior a 8 g por dm3,\nexpresado como ácido glutámico referido al producto constituido listo para su consumo y la de\nlos ácidos inosínico y guanílico, sus mezclas y/o sales de sodio y/o potasio, deberá ser superior\na 0,50 g por dm3.\nEstos productos deberán expenderse en envases bromatológicamente aptos que preserven sus\ncualidades físicas, organolépticas y microbiológicas.\nLas sopas, sopas concentradas y sopas deshidratadas preparadas de acuerdo a las instrucciones']","Los antioxidantes y sinergistas que pueden agregarse a los aceites y grasas vegetales comestibles, según lo establecido en el Código de Alimentos, son los siguientes:

1. Galato de propilo, galato de octilo y galato de dodecilo (o sus mezclas), con una cantidad máxima de 100 mg/kg (100 ppm), aislados o mezclados.
2. Hidroxianisol butilado (BHA), con una cantidad máxima de 200 mg/kg (200 ppm).
3. Hidroxitolueno butilado (BHT), con una cantidad máxima de 200 mg/kg (200 ppm).

Estos son los antioxidantes y sinergistas autorizados para ser adicionados a los aceites y grasas vegetales comestibles, excluyendo los aceites de oliva de presión no refinados.","Artículo 523bis - (Res 2012, 19.10.84)
""Los aceites y grasas vegetales comestibles podrán ser adicionados, con la exclusión de los
aceites de oliva de presión no refinados, de los siguientes antioxidantes y sinergistas:
1. Galato de propilo, galato de octilo y galato de dodecilo (o sus mezclas), Máx: 100 mg/kg
(100 ppm), aislados o mezclados.
2. Hidroxianisol butilado (BHA), Máx: 200 mg/kg (200 ppm).
3. Hidroxitolueno butilado (BHT), Máx: 200 mg/kg (200 ppm)
4. Terbutilhidroquinona (TBHQ), Máx: 200 mg/kg (200 ppm).
5. Mezcla de los galatos citados, BHA y/o BHT, Máx: 200 mg/kg (200 ppm) siempre que no
incorporen más de 100 mg/kg (100 ppm) de galatos.
6. Mezclas de TBHQ con BHA y BHT, Máx: 200 mg/kg (200 ppm).
7. Tocoferoles naturales o sintéticos (en concentración que no exceda la necesaria para el
efecto deseado).
8. Palmitato y estearato de ascorbilo, Máx: 200 mg/kg (200 ppm), aislados o mezclados.
9. Acido cítrico, ácido fosfórico, citrato de monoisopropilo, ésteres de monoglicéridos con ácido
cítrico, Máx: 100 mg/kg (100 ppm), aislados o mezclados.
El máximo señalado para los compuestos comprendidos en el Inc 9 será el mismo cuando se
usen solos (si el aceite posee suficientes antioxidantes naturales) o en mezclas sinérgicas con
los antioxidantes citados en los Inc 1 a 8"".",0.999999999975,1.0,0.8696767974118549,0.3,Basic
¿Qué antioxidantes o sinergistas pueden agregarse a los aceites y grasas vegetales comestibles?,"['""En el caso de los aceites deberán estar adicionados de antioxidantes y/o sinergistas autorizados según el Artículo 523 bis, Inc. 2, 3, 4, 6, 7, 8 y 9.""', '""Los aceites y grasas vegetales comestibles podrán ser adicionados, con la exclusión de los aceites de oliva de presión no refinados, de los siguientes antioxidantes y sinergistas:\n1. Galato de propilo, galato de octilo y galato de dodecilo (o sus mezclas), Máx: 100 mg/kg (100 ppm), aislados o mezclados.\n2. Hidroxianisol butilado (BHA), Máx: 200 mg/kg (200 ppm).\n3. Hidroxitolueno butilado (BHT), Máx: 200 mg/kg (200 ppm)""', '""Se permite el agregado de los antioxidantes y sinergistas autorizados para aceites en el Artículo 523 y en las mismas proporciones"".', 'Para los aceites y grasas vegetales comestibles, se pueden agregar los siguientes antioxidantes:\n\n- Palmitato de ascorbilo (INS 304)\n- Estearato de ascorbilo (INS 305)\n- Galato de propilo (INS 310)\n- Resina de guayaco (INS 314)\n- Ter butil hidroxiquinona, TBHQ (INS 319)\n- Butil hidroxianisol, BHA (INS 320)\n- Butil hidroxitolueno, BHT (INS 321)\n- Ácido fosfórico (INS 338)\n- Citrato de isopropilo (mezcla) (INS 384)']","Los antioxidantes o sinergistas que pueden agregarse a los aceites y grasas vegetales comestibles, según la normativa mencionada, son los siguientes:

1. Galato de propilo, galato de octilo y galato de dodecilo (o sus mezclas), hasta un máximo de 100 mg/kg (100 ppm).
2. Hidroxianisol butilado (BHA), hasta un máximo de 200 mg/kg (200 ppm).
3. Hidroxitolueno butilado (BHT), hasta un máximo de 200 mg/kg (200 ppm).
4. Palmitato de ascorbilo (INS 304).
5. Estearato de ascorbilo (INS 305).
6. Resina de guayaco (INS 314).
7. Ter butil hidroxiquinona, TBHQ (INS 319).
8. Butil hidroxianisol, BHA (INS 320).
9. Butil hidroxitolueno, BHT (INS 321).
10. Ácido fosfórico (INS 338).
11. Citrato de isopropilo (mezcla) (INS 384).

Estos son los antioxidantes y sinergistas autorizados para ser agregados a los aceites y grasas vegetales comestibles de acuerdo con la normativa vigente.","Artículo 523bis - (Res 2012, 19.10.84)
""Los aceites y grasas vegetales comestibles podrán ser adicionados, con la exclusión de los
aceites de oliva de presión no refinados, de los siguientes antioxidantes y sinergistas:
1. Galato de propilo, galato de octilo y galato de dodecilo (o sus mezclas), Máx: 100 mg/kg
(100 ppm), aislados o mezclados.
2. Hidroxianisol butilado (BHA), Máx: 200 mg/kg (200 ppm).
3. Hidroxitolueno butilado (BHT), Máx: 200 mg/kg (200 ppm)
4. Terbutilhidroquinona (TBHQ), Máx: 200 mg/kg (200 ppm).
5. Mezcla de los galatos citados, BHA y/o BHT, Máx: 200 mg/kg (200 ppm) siempre que no
incorporen más de 100 mg/kg (100 ppm) de galatos.
6. Mezclas de TBHQ con BHA y BHT, Máx: 200 mg/kg (200 ppm).
7. Tocoferoles naturales o sintéticos (en concentración que no exceda la necesaria para el
efecto deseado).
8. Palmitato y estearato de ascorbilo, Máx: 200 mg/kg (200 ppm), aislados o mezclados.
9. Acido cítrico, ácido fosfórico, citrato de monoisopropilo, ésteres de monoglicéridos con ácido
cítrico, Máx: 100 mg/kg (100 ppm), aislados o mezclados.
El máximo señalado para los compuestos comprendidos en el Inc 9 será el mismo cuando se
usen solos (si el aceite posee suficientes antioxidantes naturales) o en mezclas sinérgicas con
los antioxidantes citados en los Inc 1 a 8"".",0.999999999975,1.0,0.8847293846392509,0.3333333333333333,Advanced
